装置ID,機種番号,装置シリアルNo,日時,イベント内容,設定流量(L/min),実流量(L/min),酸素濃度(%),内部積算時間(時),外部積算時間(時),装置状態,RSRP,RSRQ,緯度,経度,バッテリー電圧(V),切替時間(秒),切替圧力(kPaG),酸素出口圧力(kPaG),PSA圧力(kPaG),コンプレッサー回転数(rpm),温度(MAINユニット)(℃),温度(超音波センサ)(℃),リモコン接続台数,ソフトVer,通信フォーマット,LTEモジュールVer,IoT基地局キャリア,周波数帯
CB5L236000A,CB5L,60003,2026/9/15 19:22,定期送信,5,0,0,20161,20161,0,-102,-13,34.6917007,134.0084539,4.112,0,0,0,125,0,32,31.6,0,717,2,B06V01,20,BAND8
CB5L236000C,CB5L,60004,2026/9/10 19:03,定期送信,5,0,0,406,406,0,-105,-15,34.6865232,133.9908185,4.072,0,0,54,212,1656,25,24.6,0,718,1,B06V01,20,BAND8
CB5L236000D,CB5L,60007,2026/9/10 20:36,主電源OFF,5,0,0,6421,6421,0,-107,-13,34.6864949,133.9907828,4.052,0,150,0,6,0,31,30.3,0,718,2,B06V01,20,BAND8
CB5L236000E,CB5L,60002,2026/9/15 19:22,定期送信,5,0,0,23758,19954,0,-98,-15,34.6864912,133.9907853,4.061,0,0,0,135,0,32,30.8,0,717,2,B06V01,20,BAND8
CB5L236000G,CB5L,60005,2026/8/19 14:56,主電源OFF,2.5,0,0,201,179,0,-71,-9,35.6574343,139.7507849,3.921,0,91,0,91,0,30,28.9,1,717,2,B06V01,20,BAND1
CB5L236000H,CB5L,60006,2026/6/30 16:17,主電源OFF,5,0,0,7569,769,0,-104,-13,34.678235,133.9812568,4.065,0,150,0,28,0,27,26.1,0,718,2,B06V01,20,BAND8
CB5L2414001,CB5L,4001,2026/9/15 19:30,定期送信,1.5,1.5,92.9,2442,2442,-,-96,-,36.5065,136.5292,-,-,-,-,57,-,-,-,-,712,-,-,-,-
CB5L2414002,CB5L,4002,2026/8/6 19:44,運転停止,2.5,0,0,15795,15795,-,-91,-,36.5475,136.6038,-,-,-,-,90,-,-,-,-,712,-,-,-,-
CB5L2414003,CB5L,4003,2026/9/15 19:30,定期送信,2,0,0,11525,11525,-,-105,-,33.6015,131.7108,-,-,-,-,2,-,-,-,-,712,-,-,-,-
CB5L2414004,CB5L,4004,2026/8/27 14:28,定期送信,1.5,0,0,11543,11543,-,-82,-,34.5328,135.476,-,-,-,-,0,-,-,-,-,712,-,-,-,-
CB5L2414005,CB5L,4005,2026/9/15 19:33,定期送信,1,0.99,94.5,2750,2750,-,-112,-,35.1138,136.9047,-,-,-,-,59,-,-,-,-,712,-,-,-,-
CB5L2414006,CB5L,4006,2026/9/15 19:33,定期送信,1.25,1.25,94.3,14771,14771,-,-101,-,34.5166,135.597,-,-,-,-,58,-,-,-,-,712,-,-,-,-
CB5L2414007,CB5L,4007,2026/9/15 19:30,定期送信,3,2.99,94.1,6651,6651,-,-112,-,36.0346,139.7289,-,-,-,-,84,-,-,-,-,712,-,-,-,-
CB5L2414008,CB5L,4008,2026/9/15 19:19,定期送信,2.5,2.49,94.2,4281,4281,-,-97,-,34.5188,135.4973,-,-,-,-,83,-,-,-,-,712,-,-,-,-
CB5L2414009,CB5L,4009,2026/9/15 19:33,定期送信,5,0,0,15148,15148,-,-81,-,33.8915,130.8606,-,-,-,-,0,-,-,-,-,712,-,-,-,-
CB5L2414010,CB5L,4010,2026/7/2 7:12,運転停止,2,0,0,1004,102,-,-88,-,43.0851,141.2554,-,-,-,-,61,-,-,-,-,716,-,-,-,-
CB5L2424011,CB5L,4011,2026/9/15 19:35,定期送信,2.5,2.5,93.5,16637,16637,-,-94,-10,35.5185,139.6571,4.064,9.84,90,4,78,1098,27,27.1,1,713,1,B06V01,20,BAND8
CB5L2424012,CB5L,4012,2026/9/15 19:32,定期送信,4,3.97,94.2,18823,18823,-,-92,-12,35.5199,139.6946,4.046,10.04,117,12,99,1404,30,30.3,1,713,1,B06V01,20,BAND1
CB5L2424013,CB5L,4013,2026/9/15 19:25,定期送信,2,1.95,94.2,15154,15154,-,-97,-7,35.5672,139.6693,4.066,10.13,58,4,48,900,31,31.2,0,713,1,B06V01,20,BAND8
CB5L2424014,CB5L,4014,2026/9/15 19:30,定期送信,3,2.99,94.8,20282,20282,-,-99,-11,35.5519,139.6709,4.07,10.01,90,7,84,1098,27,28,0,713,1,B06V01,20,BAND8
CB5L2424015,CB5L,4015,2026/9/15 19:33,定期送信,5,4.99,94,16081,16081,-,-83,-9,35.5523,139.5738,4.091,8.83,135,11,116,1656,29,29.1,1,713,1,B06V01,20,BAND1
CB5L2424016,CB5L,4016,2026/7/19 20:57,定期送信,2,1.99,94.4,4477,4477,-,-60,-8,34.7832,135.4962,4.057,10.05,58,3,54,900,33,32.4,2,713,1,B06V01,51,BAND18
CB5L2424017,CB5L,4017,2026/9/15 19:35,定期送信,1,0,0,5112,5112,-,-88,-6,34.5596,135.5923,4.049,0,60,0,45,0,35,34.4,1,713,1,B06V01,20,BAND1
CB5L2424018,CB5L,4018,2026/9/15 19:37,定期送信,2.5,2.48,93.6,14888,14888,-,-87,-11,34.7396,135.5173,4.042,9.96,90,5,89,1098,31,31.1,0,713,1,B06V01,20,BAND1
CB5L2424019,CB5L,4019,2026/9/2 16:22,定期送信,5,0,0,16104,16104,-,-109,-8,36.2348,140.3571,4.07,0,135,0,135,0,23,23.3,1,713,1,B06V01,20,BAND1
CB5L2424020,CB5L,4020,2026/9/15 19:31,定期送信,0.75,0.75,95.1,13748,13748,-,-85,-10,35.9103,139.8013,4.087,9.59,58,1,58,900,30,28.6,0,713,1,B06V01,20,BAND1
CB5L2424021,CB5L,4021,2026/3/28 14:56,定期送信,5,5.07,95,8548,8548,-,-86,-8,35.8923,139.4808,4.068,8.85,135,13,131,1656,28,28.9,1,713,1,B06V01,20,BAND1
CB5L2424022,CB5L,4022,2026/9/15 19:25,定期送信,1,1,95.4,15865,15865,-,-112,-13,35.8528,139.5318,4.05,10.09,58,1,61,900,27,27.1,2,713,1,B06V01,20,BAND8
CB5L2424023,CB5L,4023,2026/9/15 19:29,定期送信,1,1.01,93.7,12935,12935,-,-87,-9,35.9968,139.5679,4.049,9.93,58,1,61,900,28,27.7,1,713,1,B06V01,20,BAND1
CB5L2424024,CB5L,4024,2026/9/15 19:22,定期送信,1.25,1.25,94.3,18695,18695,-,-91,-9,34.7541,134.8408,4.077,10.02,58,2,60,900,24,23.3,0,713,1,B06V01,51,BAND18
CB5L2424025,CB5L,4025,2026/9/15 19:33,定期送信,1.5,1.5,93.3,12636,12636,-,-73,-11,35.6451,139.8022,4.073,9.94,58,2,58,900,30,29.6,1,713,1,B06V01,20,BAND8
CB5L2424026,CB5L,4026,2026/9/15 19:31,定期送信,1,1,95.6,16748,16748,-,-94,-10,35.7814041,139.7740556,4.05,10.1,58,1,59,900,27,26.9,0,715,1,B06V01,20,BAND8
CB5L2424027,CB5L,4027,2026/9/15 19:26,定期送信,2,1.98,93.9,12952,12952,-,-100,-14,35.8535,139.741,4.078,10.08,58,3,54,900,28,27.9,1,713,1,B06V01,20,BAND8
CB5L2424028,CB5L,4028,2026/9/15 19:31,定期送信,1,1,95.1,13374,13374,-,-91,-6,34.5158,136.2018,4.07,10.39,58,2,59,900,26,25.5,0,713,1,B06V01,20,BAND8
CB5L2424029,CB5L,4029,2026/9/15 19:25,定期送信,1.5,1.49,94.5,9592,9592,-,-73,-7,34.3882,135.7259,4.018,10.06,58,2,51,900,28,27.5,0,713,1,B06V01,20,BAND8
CB5L2424030,CB5L,4030,2026/8/4 18:10,ディーラーメンテナンス,3,0,0,17167,17167,-,-82,-8,34.5078,135.7492,4.085,0,90,0,89,1062,32,30.9,0,713,1,B06V01,20,BAND8
CB5L2424031,CB5L,4031,2026/9/15 19:30,定期送信,1,1,94.8,321,321,-,-85,-7,34.4418,135.7805,4.069,9.92,58,1,53,900,27,26.6,0,713,1,B06V01,51,BAND18
CB5L2424032,CB5L,4032,2026/9/15 19:36,定期送信,3,2.99,94.8,21831,21831,-,-100,-8,42.983,141.4372,4.031,9.96,90,6,70,1098,27,27.4,1,713,1,B06V01,20,BAND8
CB5L2424033,CB5L,4033,2026/8/30 13:40,定期送信,0.5,0,0,19410,19410,-,-94,-10,42.6678,141.6619,4.076,0,61,0,61,0,27,26.1,1,713,1,B06V01,20,BAND8
CB5L2424034,CB5L,4034,2026/9/15 19:24,定期送信,1,0,0,10059,10059,-,-99,-11,35.3581,139.6391,4.061,0,61,0,0,0,31,30.9,1,713,1,B06V01,20,BAND1
CB5L2424035,CB5L,4035,2026/9/15 19:27,定期送信,2,2.01,94.5,8977,8977,-,-94,-10,35.151,139.6311,4.003,10.14,58,3,58,900,30,29.9,1,713,1,B06V01,51,BAND18
CB5L2424036,CB5L,4036,2026/9/15 19:27,定期送信,1,1,95.5,18128,18128,-,-93,-7,35.478,139.5765,4.084,9.82,58,1,60,900,31,29.9,1,713,1,B06V01,20,BAND1
CB5L2424037,CB5L,4037,2026/9/15 19:27,定期送信,0.5,0,0,14005,14005,-,-101,-10,35.2971,139.6102,4.072,0,0,0,41,0,30,29.2,2,713,1,B06V01,20,BAND8
CB5L2424038,CB5L,4038,2026/9/15 19:24,定期送信,2,0,0,6059,6059,-,-88,-9,35.359,139.6234,4.034,0,61,0,53,0,35,33.6,0,713,1,B06V01,51,BAND18
CB5L2424039,CB5L,4039,2026/9/15 19:22,定期送信,1,0.99,95.6,12992,12992,-,-84,-11,35.478,139.5645,4.05,9.98,58,4,59,900,27,26.3,1,713,1,B06V01,20,BAND1
CB5L2424040,CB5L,4040,2026/9/15 19:26,定期送信,2,1.98,94.1,5937,5937,-,-89,-7,35.4897,139.3245,4.099,10.12,58,3,51,900,29,28.8,1,713,1,B06V01,51,BAND18
CB5L2424041,CB5L,4041,2026/9/9 13:20,定期送信,5,5,94.9,331,331,-,-98,-9,35.7521,139.508,4.066,9.19,135,9,103,1656,26,26.4,0,713,1,B06V01,20,BAND1
CB5L2424042,CB5L,4042,2026/9/15 19:25,定期送信,4,0,0,9045,9045,-,-99,-9,35.7405,139.4777,4.04,0,119,0,35,0,33,32.9,1,713,1,B06V01,20,BAND8
CB5L2424043,CB5L,4043,2026/9/15 19:24,定期送信,2,2,94.2,17409,17409,-,-96,-11,35.7518,139.3257,4.052,10.34,58,3,56,900,29,29.1,1,713,1,B06V01,20,BAND8
CB5L2424044,CB5L,4044,2026/9/15 19:35,定期送信,1,1,95.6,12790,12790,-,-103,-10,35.7279,139.6062,4.065,9.84,58,1,61,900,30,30.5,2,713,1,B06V01,20,BAND8
CB5L2424045,CB5L,4045,2026/9/15 19:37,定期送信,1,1,95.6,13058,13058,-,-98,-10,35.7916,139.4637,4.089,9.72,58,1,56,900,31,30.3,1,713,1,B06V01,20,BAND1
CB5L2424046,CB5L,4046,2026/9/15 19:32,定期送信,1,1,95.4,10245,10245,-,-108,-13,43.0253,141.4679,3.987,10.03,58,1,57,900,30,29.7,1,713,1,B06V01,20,BAND8
CB5L2424047,CB5L,4047,2026/8/17 13:27,定期送信,1,1,94.6,13907,13907,-,-100,-9,35.7539,139.508,4.029,9.72,58,0,54,900,31,30.2,1,713,1,B06V01,20,BAND1
CB5L2424048,CB5L,4048,2026/7/15 15:41,定期送信,0.5,0,0,6061,6061,-,-106,-10,43.0967,141.2584,4.048,0,61,0,61,0,28,28.3,0,713,1,B06V01,20,BAND8
CB5L2424049,CB5L,4049,2026/9/15 19:30,定期送信,1,0,0,253,253,-,-105,-14,35.6764,139.65,4.066,0,63,0,34,0,31,30.8,1,713,1,B06V01,20,BAND8
CB5L2424050,CB5L,4050,2026/9/15 19:30,定期送信,0.5,0.49,95.6,16289,16289,-,-87,-9,43.025,141.4354,4.085,9.87,58,0,60,900,27,26.1,0,713,1,B06V01,20,BAND8
CB5L2424051,CB5L,4051,2026/9/15 19:23,定期送信,0.5,0,0,17018,17018,-,-93,-7,35.587,139.7091,4.045,0,61,0,58,0,33,33.5,1,713,1,B06V01,20,BAND1
CB5L2424052,CB5L,4052,2026/8/25 11:52,定期送信,4,0,0,14917,14917,-,-92,-11,35.6674,139.6486,4.054,0,117,0,44,0,34,33.4,0,713,1,B06V01,20,BAND8
CB5L2424053,CB5L,4053,2026/9/15 19:23,定期送信,1,1,95.2,13671,13671,-,-91,-12,35.6586,139.6246,4.076,9.93,58,1,59,900,28,27.9,1,713,1,B06V01,51,BAND18
CB5L2424054,CB5L,4054,2026/9/15 19:35,定期送信,1,1,93.6,21114,21114,-,-95,-11,35.6974,139.6456,4.07,9.7,58,1,57,900,29,29.4,0,713,1,B06V01,20,BAND8
CB5L2424055,CB5L,4055,2026/9/15 19:23,定期送信,1,1,94.4,15174,15174,-,-85,-7,35.6688,139.5343,4.045,10.04,58,1,55,900,29,29.6,0,713,1,B06V01,20,BAND1
CB5L2424056,CB5L,4056,2026/9/15 19:25,定期送信,1.5,1.51,94.5,12660,12660,-,-91,-8,35.7109,139.5026,4.036,10.15,58,2,59,900,28,28,0,713,1,B06V01,20,BAND1
CB5L2424057,CB5L,4057,2026/9/6 11:50,定期送信,1,0,0,12527,12527,-,-72,-9,35.6555,139.4757,4.046,0,62,0,57,0,29,29.2,1,713,1,B06V01,20,BAND1
CB5L2424058,CB5L,4058,2024/10/15 15:57,定期送信,0.5,0.49,95.6,3164,3164,-,-87,-8,35.6843,139.5688,4.053,9.69,58,0,58,900,27,27,0,713,1,B06V01,20,BAND8
CB5L2424059,CB5L,4059,2026/9/15 19:29,定期送信,1.5,1.5,94.4,16423,16423,-,-104,-8,35.6891,139.5481,4.1,9.89,58,2,56,900,31,30.3,0,713,1,B06V01,20,BAND8
CB5L2424060,CB5L,4060,2026/9/15 19:30,定期送信,2.5,2.51,94.7,22045,22045,-,-84,-8,35.446,140.3137,4.07,9.76,90,4,82,1098,25,25.4,0,713,1,B06V01,20,BAND1
CB5L2424061,CB5L,4061,2026/9/15 19:36,定期送信,0.5,0.5,95.6,9077,9077,-,-90,-11,35.7114,139.9584,4.058,9.83,58,0,58,900,28,27.6,0,713,1,B06V01,20,BAND1
CB5L2424062,CB5L,4062,2026/9/15 19:23,定期送信,2,2.04,94.6,14051,14051,-,-87,-14,35.6902,139.9719,4.045,10.25,58,3,48,900,29,29.1,0,713,1,B06V01,51,BAND18
CB5L2424063,CB5L,4063,2026/9/15 19:32,定期送信,0.5,0.5,95.6,6107,6107,-,-79,-10,35.6609,140.0536,4.069,9.89,58,0,55,900,28,27.6,0,713,1,B06V01,20,BAND1
CB5L2424064,CB5L,4064,2026/9/15 19:27,定期送信,1,1.01,95.6,11786,11786,-,-99,-8,35.6616,140.0896,4.072,10.14,58,1,59,900,25,24.9,0,713,1,B06V01,20,BAND1
CB5L2424065,CB5L,4065,2026/9/15 19:30,定期送信,1,1,95.6,18242,18242,-,-92,-9,38.2213147,140.7924099,4.045,10.01,58,1,60,900,28,28.4,1,715,1,B06V01,20,BAND8
CB5L2424066,CB5L,4066,2026/9/15 19:27,定期送信,2.5,2.52,94.7,19999,19999,-,-73,-6,35.1993,136.9345,4.072,9.85,90,5,83,1098,29,29.9,1,713,1,B06V01,20,BAND1
CB5L2424067,CB5L,4067,2026/9/15 19:27,定期送信,1,0,0,4968,4968,-,-96,-9,35.2839,136.9745,4.052,0,59,0,36,0,30,29.7,1,713,1,B06V01,20,BAND8
CB5L2424068,CB5L,4068,2026/9/15 19:23,定期送信,1,1,95.6,15232,15232,-,-86,-10,36.036,140.1358,4.065,10,58,1,53,900,28,27.1,1,713,1,B06V01,20,BAND8
CB5L2424069,CB5L,4069,2026/9/15 19:31,定期送信,4,3.98,94.4,11232,11232,-,-109,-8,35.3178,137.1709,4.073,9.41,117,8,118,1404,27,28.9,1,713,1,B06V01,20,BAND8
CB5L2424070,CB5L,4070,2026/9/15 19:30,定期送信,2,0,0,6806,6806,-,-97,-12,36.0225,140.4685,4.084,0,59,0,59,0,31,30.8,2,713,1,B06V01,51,BAND18
CB5L2424071,CB5L,4071,2026/9/15 19:31,定期送信,1.5,1.5,94.5,12431,12431,0,-97,-11,34.963584,138.385495,4.074,9.87,58,2,57,900,31,31.1,2,717,1,B06V01,20,BAND1
CB5L2424072,CB5L,4072,2026/9/15 19:34,定期送信,0.5,0.5,95.6,17219,17219,-,-94,-9,35.1132,138.8541,4.056,9.9,58,14,60,900,27,26.6,1,713,1,B06V01,20,BAND8
CB5L2424073,CB5L,4073,2026/7/23 14:29,ディーラーメンテナンス,1,1.01,49.1,5223,5223,-,-98,-9,34.8507,138.2698,4.036,8.9,60,1,54,900,31,31.6,1,713,1,B06V01,20,BAND1
CB5L2424074,CB5L,4074,2026/8/10 9:58,主電源OFF,0.5,0,0,11734,11734,0,-99,-12,35.7388569,139.8643071,4.066,0,58,0,60,0,27,27.1,1,717,2,B06V01,20,BAND8
CB5L2424075,CB5L,4075,2026/8/15 11:59,定期送信,5,0,0,662,662,-,-109,-13,34.6307,135.5744,4.073,0,136,0,4,0,32,31.4,0,713,1,B06V01,20,BAND8
CB5L2424076,CB5L,4076,2026/9/15 19:34,定期送信,1,1,95.4,17776,17776,-,-96,-11,34.5758,135.4629,4.044,10.06,58,1,55,900,29,29.9,1,713,1,B06V01,20,BAND1
CB5L2424077,CB5L,4077,2026/9/15 19:25,定期送信,2,2,92.9,16750,16750,-,-87,-8,34.6438,135.4984,4.06,10.11,58,3,51,900,31,31.1,1,713,1,B06V01,20,BAND1
CB5L2424078,CB5L,4078,2026/7/31 13:47,定期送信,1,0,0,10848,10848,-,-93,-10,35.5531,139.6809,4.06,0,60,0,54,0,30,29.3,1,713,1,B06V01,51,BAND18
